,Lecture_Section,PreStudy_Scores,Entrance_GPA,Study_Times,PostStudy_Scores
0,LEC0101,70.27,3.92,13.08,111.29
1,LEC0303,66.24,3.85,7.62,100.55
2,LEC0303,52.77,3.81,2.32,84.51
3,LEC0101,58.67,3.83,13.59,108.98
4,LEC0404,48.77,3.87,15.24,101.67
5,LEC0101,68.73,3.87,19.76,126.24
6,LEC0202,52.92,3.88,11.38,96.87
7,LEC0101,78.15,3.87,16.65,123.05
8,LEC0202,60.77,3.89,7.9,97.34
9,LEC0101,76.54,3.84,15.87,129.21
10,LEC0202,57.96,3.84,13.72,98.59
11,LEC0404,59.21,3.85,13.33,112.82
12,LEC0202,55.1,3.91,5.91,96.18
13,LEC0404,49.48,3.86,8.14,103.42
14,LEC0202,48.33,3.77,13.04,96.15
15,LEC0202,75.79,3.79,10.01,110.15
16,LEC0404,52.29,3.8,12.31,100.33
17,LEC0404,60.44,3.85,11.6,109.35
18,LEC0404,55.3,3.93,13.24,108.49
19,LEC0404,62.8,3.77,10.5,103.14
20,LEC0101,67.72,3.77,12.79,113.89
21,LEC0303,46.01,3.77,8.44,93.22
22,LEC0202,62.19,3.84,9.1,101.97
23,LEC0101,81.49,3.82,18.26,132.18
24,LEC0101,65.51,3.89,19.79,116.04
25,LEC0404,52.02,3.76,14.14,103.38
26,LEC0404,64.59,3.87,13.5,108.93
27,LEC0101,71.67,3.82,15.84,121.98
28,LEC0202,43.39,3.9,8.9,85.42
29,LEC0303,56.05,3.85,11.28,98.96
30,LEC0101,67.01,3.81,13.84,114.99
31,LEC0303,57.27,3.78,11.85,101.62
32,LEC0202,66.82,3.91,7.78,98.01
33,LEC0404,66.38,3.82,12.7,111.83
34,LEC0303,58.73,3.79,6.28,95.24
35,LEC0101,54.31,3.8,14.76,104.71
36,LEC0404,57.91,3.85,14.56,107.94
37,LEC0404,62.96,3.86,11.26,110.09
38,LEC0101,53.16,3.82,15.18,108.51
39,LEC0303,61.39,3.84,7.94,104.67
40,LEC0404,52.32,3.83,7.36,97.58
41,LEC0101,61.38,3.91,15.58,112.18
42,LEC0101,49.82,3.81,14.09,106.6
43,LEC0101,57.86,3.8,14.97,111.5
44,LEC0101,68.65,3.79,17.71,121.24
45,LEC0202,49.97,3.83,10.39,95.88
46,LEC0101,74.44,3.89,17.47,125.43
47,LEC0303,67.03,3.85,6.93,96.37
48,LEC0202,44.26,3.85,8.76,92.86
49,LEC0101,72.41,3.9,12.69,108.13
50,LEC0202,67.48,3.89,12.32,102.52
51,LEC0101,48.81,3.86,16.64,104.17
52,LEC0101,48.35,3.95,19.16,107.14
53,LEC0202,53.22,3.77,7.17,92.15
54,LEC0101,65.43,3.91,12.55,115.9
55,LEC0303,47.4,3.88,10.54,95.02
56,LEC0202,59.86,3.79,13.69,104.27
57,LEC0404,52.86,3.91,12.68,103.64
58,LEC0101,62.61,3.91,15.88,115.55
59,LEC0303,61.01,3.84,9.13,102.51
60,LEC0303,64.36,3.81,9.84,104.1
61,LEC0404,43.79,3.82,11.7,100.1
62,LEC0303,34.8,3.92,5.51,85.35
63,LEC0404,67.21,3.87,13.14,111.3
64,LEC0202,66.81,3.8,10.57,103.95
65,LEC0101,73.24,3.92,13.93,123.36
66,LEC0101,70.57,3.9,16.17,124.69
67,LEC0404,68.2,3.79,12.59,112.81
68,LEC0101,65.1,3.86,15.23,114.8
69,LEC0303,57.15,3.85,10.8,94.65
70,LEC0303,44.73,3.85,4.73,88.83
71,LEC0202,61.88,3.88,13.57,111.33
72,LEC0202,63.67,3.87,12.72,106.01
73,LEC0404,55.66,3.9,12.37,102.51
74,LEC0202,59.37,3.84,10.13,96.84
75,LEC0404,81.04,3.83,11.43,108.63
76,LEC0404,61.34,3.84,12.4,105.67
77,LEC0202,72.62,3.71,8.36,109.35
78,LEC0303,54.31,3.84,10.05,97.98
79,LEC0303,65.6,3.91,7.94,102.54
80,LEC0303,69.53,3.82,7.81,98.39
81,LEC0101,59.5,3.78,17.0,114.79
82,LEC0202,30.44,3.87,10.62,92.95
83,LEC0303,49.95,3.97,10.74,90.44
84,LEC0404,80.82,3.83,10.39,107.06
85,LEC0101,63.58,3.87,15.68,114.58
86,LEC0303,52.21,3.83,7.1,92.57
87,LEC0404,60.73,3.79,11.17,106.37
88,LEC0404,64.77,3.83,17.01,111.08
89,LEC0101,72.31,3.83,17.6,123.15
90,LEC0303,69.01,3.83,12.02,106.1
91,LEC0202,62.24,3.79,12.35,104.34
92,LEC0202,70.49,3.78,9.38,105.02
93,LEC0101,55.05,3.78,18.48,114.97
94,LEC0303,58.59,3.85,8.64,94.33
95,LEC0101,69.14,3.85,14.77,118.39
96,LEC0202,58.3,3.9,10.04,97.84
97,LEC0202,73.82,3.89,8.0,107.33
98,LEC0303,69.87,3.81,7.96,111.56
99,LEC0202,67.96,3.82,8.57,97.29
100,LEC0404,63.08,3.81,12.09,108.55
101,LEC0101,64.27,3.78,14.52,117.35
102,LEC0202,52.21,3.82,11.58,104.09
103,LEC0202,51.71,3.77,8.93,91.98
104,LEC0202,64.12,3.76,8.58,102.21
105,LEC0101,53.03,3.89,14.33,99.75
106,LEC0202,53.78,3.85,10.35,98.04
107,LEC0202,65.43,3.81,10.36,102.81
108,LEC0303,42.06,3.87,8.31,91.11
109,LEC0303,51.16,3.88,12.22,97.65
110,LEC0202,55.15,3.92,6.44,93.56
111,LEC0202,57.71,3.83,10.69,104.52
112,LEC0303,53.13,3.86,7.54,97.5
113,LEC0404,58.3,3.83,12.51,105.22
114,LEC0101,62.44,3.82,15.15,118.14
115,LEC0303,56.34,3.9,9.77,98.45
116,LEC0101,49.56,3.87,14.46,109.59
117,LEC0202,59.68,3.8,6.74,94.01
118,LEC0202,64.93,3.85,10.27,105.88
119,LEC0404,44.06,3.88,8.72,89.21
120,LEC0202,71.32,3.84,11.18,104.94
121,LEC0202,49.93,3.84,10.16,96.24
122,LEC0303,43.56,3.96,7.25,87.38
123,LEC0404,53.83,3.81,10.49,98.92
124,LEC0202,67.71,3.82,10.22,108.11
125,LEC0303,74.94,3.92,8.27,100.57
126,LEC0404,49.9,3.85,10.53,99.92
127,LEC0202,70.99,3.84,8.24,107.83
128,LEC0404,43.99,3.79,14.89,106.86
129,LEC0202,45.49,3.86,11.56,96.57
130,LEC0202,55.21,3.88,8.14,90.26
131,LEC0101,52.31,3.9,10.77,104.95
132,LEC0303,55.9,3.91,12.28,97.51
133,LEC0202,71.58,3.87,9.66,109.84
134,LEC0202,52.73,3.82,6.87,88.01
135,LEC0303,63.09,3.79,8.31,99.81
136,LEC0303,53.43,3.92,6.94,87.52
137,LEC0404,71.5,3.82,15.67,111.28
138,LEC0202,51.82,3.91,11.27,95.01
139,LEC0202,63.98,3.89,13.29,106.8
140,LEC0404,60.19,3.84,11.21,105.86
141,LEC0202,55.29,3.92,10.42,100.21
142,LEC0202,47.23,3.85,9.14,99.0
143,LEC0303,51.76,3.91,8.95,93.82
144,LEC0303,70.03,3.84,8.05,98.57
145,LEC0202,59.18,3.84,11.24,101.61
146,LEC0303,58.72,3.85,10.73,102.79
147,LEC0303,64.41,3.95,12.91,110.41
148,LEC0404,55.46,3.87,9.55,106.79
149,LEC0101,72.62,3.85,16.19,120.7
150,LEC0404,52.32,3.77,11.5,96.44
151,LEC0202,58.68,3.82,7.67,98.78
152,LEC0202,56.31,3.79,8.15,93.53
153,LEC0303,31.43,3.75,8.49,80.21
154,LEC0101,72.28,3.81,13.8,119.81
155,LEC0303,68.62,3.95,9.34,103.94
156,LEC0101,59.39,3.91,13.57,111.98
157,LEC0202,65.69,3.9,13.94,111.5
158,LEC0101,68.89,3.83,12.35,114.0
159,LEC0202,63.24,3.82,10.13,102.26
160,LEC0202,50.49,3.77,7.24,93.14
161,LEC0101,53.29,3.89,15.37,110.0
162,LEC0404,64.0,3.83,12.52,110.95
163,LEC0404,58.84,3.84,13.53,107.65
164,LEC0404,61.31,3.88,10.7,107.56
165,LEC0101,59.22,3.79,16.98,114.37
166,LEC0101,70.86,3.9,16.77,124.67
167,LEC0202,53.69,3.77,7.92,97.48
168,LEC0404,55.56,3.77,7.5,98.81
169,LEC0202,47.16,3.9,10.53,99.52
170,LEC0202,56.56,3.87,13.24,96.08
171,LEC0404,70.73,3.86,12.35,110.32
172,LEC0101,52.03,3.75,15.4,106.57
173,LEC0404,75.39,3.89,11.01,113.04
174,LEC0101,70.25,3.92,14.63,113.73
175,LEC0202,59.4,3.83,7.92,95.91
176,LEC0202,52.03,3.83,10.24,98.95
177,LEC0404,77.98,3.94,11.16,115.22
178,LEC0404,51.01,3.81,7.88,95.61
179,LEC0202,71.4,3.74,8.93,104.13
180,LEC0202,60.42,3.88,10.73,109.5
181,LEC0404,51.49,3.81,11.82,103.82
182,LEC0202,62.78,3.89,7.53,95.45
183,LEC0404,60.21,3.82,14.18,100.69
184,LEC0404,75.59,3.84,13.53,113.59
185,LEC0303,71.0,3.83,12.74,106.29
186,LEC0303,52.26,3.81,6.19,94.7
187,LEC0101,58.82,3.85,13.59,106.28
188,LEC0303,75.71,3.92,7.84,104.57
189,LEC0101,63.66,3.8,15.88,119.52
190,LEC0101,71.12,3.87,14.04,115.38
191,LEC0202,59.41,3.82,10.78,105.39
192,LEC0202,48.89,3.84,8.81,88.46
193,LEC0101,62.46,3.89,12.16,111.88
194,LEC0303,40.84,3.85,7.62,89.52
195,LEC0404,56.7,3.93,12.86,105.91
196,LEC0101,62.82,3.77,13.29,113.08
197,LEC0101,52.04,3.76,17.58,108.07
198,LEC0404,58.42,3.83,12.24,105.85
199,LEC0101,58.99,3.86,15.73,113.93
200,LEC0303,38.53,3.9,8.18,85.55
201,LEC0303,70.15,3.81,11.39,108.38
202,LEC0202,68.11,3.85,11.72,112.24
203,LEC0202,67.73,3.8,12.57,104.9
204,LEC0101,73.23,3.9,13.11,120.17
205,LEC0404,63.81,3.89,16.03,111.66
206,LEC0101,73.85,3.86,17.27,122.44
207,LEC0101,66.43,3.84,12.46,112.14
208,LEC0404,66.77,3.85,9.65,102.15
209,LEC0202,70.96,3.8,13.13,112.83
210,LEC0202,48.02,3.77,6.88,92.98
211,LEC0303,66.83,3.89,6.3,101.3
212,LEC0303,56.49,3.87,9.1,102.39
213,LEC0404,62.96,3.86,11.38,107.1
214,LEC0404,81.38,3.81,13.73,118.02
215,LEC0202,51.93,3.79,8.15,96.09
216,LEC0404,62.51,3.89,12.61,108.16
217,LEC0303,57.42,3.86,5.65,92.39
218,LEC0101,73.1,3.84,13.87,118.55
219,LEC0101,60.09,3.91,17.73,111.16
220,LEC0404,57.34,3.93,14.11,111.3
221,LEC0303,58.97,3.93,10.37,103.25
222,LEC0202,65.9,3.82,10.12,105.71
223,LEC0202,59.5,3.88,11.06,99.78
224,LEC0303,52.13,3.89,10.38,94.48
225,LEC0101,43.21,3.78,17.87,110.72
226,LEC0202,59.59,3.98,12.26,100.05
227,LEC0101,66.18,3.82,14.42,112.97
228,LEC0303,52.21,3.89,10.41,97.23
229,LEC0202,48.0,3.88,10.76,97.62
230,LEC0303,48.8,3.91,8.97,90.46
231,LEC0202,60.07,3.84,7.25,98.93
232,LEC0303,43.18,3.8,11.39,88.09
233,LEC0303,53.96,3.85,7.09,92.43
234,LEC0202,61.76,3.86,12.06,108.88
235,LEC0303,63.5,3.79,7.4,94.48
236,LEC0101,75.84,3.91,19.2,116.4
237,LEC0303,49.29,3.74,10.38,90.77
238,LEC0303,56.26,3.88,5.81,95.84
239,LEC0202,55.64,3.91,13.97,104.05
240,LEC0202,59.0,3.82,10.95,103.45
241,LEC0404,47.88,3.77,9.81,96.54
242,LEC0101,63.98,3.84,10.46,110.59
243,LEC0303,64.43,3.84,8.74,101.25
244,LEC0303,51.89,3.83,7.98,89.16
245,LEC0303,51.31,3.79,7.74,96.35
246,LEC0202,54.48,4.0,9.35,101.59
247,LEC0303,50.81,3.84,7.31,93.14
248,LEC0101,73.93,3.82,16.85,120.11
249,LEC0101,55.63,3.82,13.14,107.38
250,LEC0303,60.39,3.88,13.85,104.75
251,LEC0101,61.66,3.85,13.26,114.31
252,LEC0101,54.97,3.78,16.72,108.62
253,LEC0202,53.81,3.82,11.73,101.3
254,LEC0303,61.38,3.87,6.16,95.36
255,LEC0303,64.37,3.83,8.29,98.45
256,LEC0404,66.55,3.89,11.66,113.29
257,LEC0202,65.71,3.87,7.96,101.92
258,LEC0202,73.53,3.9,7.41,103.39
259,LEC0101,64.29,3.89,13.31,109.32
260,LEC0202,53.04,3.87,7.36,100.05
261,LEC0303,53.95,3.93,7.41,97.05
262,LEC0303,61.82,3.78,9.07,98.49
263,LEC0303,40.04,3.77,7.01,88.2
264,LEC0202,49.32,3.81,9.49,93.63
265,LEC0101,52.82,3.83,13.89,109.75
266,LEC0202,54.26,3.84,11.96,105.76
267,LEC0101,52.21,3.76,14.74,110.35
268,LEC0101,58.58,3.92,16.25,113.53
269,LEC0404,50.16,3.85,12.41,104.0
270,LEC0202,55.12,3.86,7.21,97.79
271,LEC0303,66.67,3.79,7.59,98.98
272,LEC0202,63.85,3.83,10.78,109.6
273,LEC0101,56.79,3.83,13.64,111.22
274,LEC0101,73.2,3.86,15.36,118.92
275,LEC0404,70.89,3.9,12.85,113.97
276,LEC0202,53.54,3.85,10.38,102.55
277,LEC0101,73.17,3.81,13.85,115.01
278,LEC0202,42.79,3.86,9.56,94.92
279,LEC0202,41.79,3.85,8.87,87.44
280,LEC0303,61.4,3.8,6.46,96.2
281,LEC0404,51.24,3.85,14.69,104.47
282,LEC0404,47.24,3.76,11.14,100.65
283,LEC0101,77.33,3.85,18.01,123.84
284,LEC0101,67.6,3.7,17.61,119.75
285,LEC0404,77.05,3.83,15.89,118.31
286,LEC0101,71.18,3.89,14.05,120.83
287,LEC0101,71.91,3.82,14.38,117.84
288,LEC0404,74.27,3.86,10.9,117.98
289,LEC0101,59.37,3.86,14.35,114.76
290,LEC0404,57.16,3.84,13.58,109.26
291,LEC0404,58.77,3.79,12.69,104.6
292,LEC0101,74.02,3.79,13.76,118.79
293,LEC0404,74.25,3.81,12.63,110.75
294,LEC0303,67.72,3.87,6.09,100.99
295,LEC0202,55.8,3.9,11.49,104.35
296,LEC0202,75.31,3.8,10.78,115.35
297,LEC0101,70.57,3.81,17.18,116.32
298,LEC0404,64.31,3.83,15.82,113.35
299,LEC0202,53.1,3.92,10.52,98.85
300,LEC0202,58.23,3.82,9.01,98.31
301,LEC0101,58.56,3.9,12.64,109.86
302,LEC0202,72.55,3.83,7.35,100.89
303,LEC0202,52.12,3.83,9.3,94.89
304,LEC0101,66.74,3.82,14.05,116.47
305,LEC0303,52.82,3.84,2.37,91.72
306,LEC0101,69.08,3.79,8.3,108.13
307,LEC0202,65.28,3.84,9.71,106.72
308,LEC0202,61.06,3.8,5.29,88.25
309,LEC0303,68.63,3.84,12.25,104.97
310,LEC0101,68.14,3.75,15.18,115.88
311,LEC0404,53.75,3.81,12.44,100.68
312,LEC0303,56.19,3.83,6.68,88.52
313,LEC0202,59.85,3.82,9.62,102.5
314,LEC0303,59.94,3.75,9.09,97.56
315,LEC0101,61.04,3.86,16.1,111.59
316,LEC0202,64.89,3.77,10.62,103.23
317,LEC0404,55.93,3.95,12.0,101.98
318,LEC0303,63.5,3.91,10.35,103.99
319,LEC0404,66.51,3.94,9.02,110.46
320,LEC0303,70.77,3.85,9.28,103.78
321,LEC0101,52.0,3.75,15.04,108.57
322,LEC0404,64.08,3.94,12.62,104.46
323,LEC0404,65.87,3.86,10.71,107.41
324,LEC0101,59.64,3.94,14.08,108.76
325,LEC0202,56.88,3.91,8.46,99.3
326,LEC0404,75.93,3.87,13.79,118.36
327,LEC0101,57.35,3.8,15.37,114.61
328,LEC0404,63.53,3.8,12.44,108.83
329,LEC0101,64.21,3.84,13.35,109.96
330,LEC0101,81.32,3.85,14.77,121.16
331,LEC0404,47.39,3.84,14.23,103.4
332,LEC0101,66.21,3.86,14.55,112.95
333,LEC0101,66.31,3.92,10.95,110.33
334,LEC0303,60.41,3.94,7.52,95.15
335,LEC0404,50.55,3.77,11.8,101.8
336,LEC0404,73.1,3.87,14.62,118.42
337,LEC0101,64.97,3.9,13.56,114.86
338,LEC0404,60.82,3.86,13.25,113.67
339,LEC0202,60.4,3.88,7.85,94.16
340,LEC0404,72.82,3.82,13.46,108.98
341,LEC0101,63.7,3.85,12.0,108.46
342,LEC0303,61.43,3.84,9.13,104.03
343,LEC0303,43.06,3.81,4.14,89.98
344,LEC0202,60.34,3.83,10.5,102.8
345,LEC0202,48.6,3.87,6.03,88.92
346,LEC0101,51.6,3.83,11.56,103.28
347,LEC0202,49.2,3.85,12.34,102.28
348,LEC0303,64.24,3.84,7.82,103.57
349,LEC0404,41.6,3.83,15.15,101.31
350,LEC0303,56.2,3.79,9.1,98.58
351,LEC0202,63.8,3.79,10.35,108.07
352,LEC0303,62.02,3.86,8.98,94.73
353,LEC0303,43.39,3.83,8.01,89.3
354,LEC0404,58.32,3.79,11.49,107.8
355,LEC0404,73.78,3.82,10.38,104.36
356,LEC0101,70.12,3.87,12.91,111.74
357,LEC0303,52.15,3.88,11.93,103.07
358,LEC0303,61.12,3.77,8.28,103.19
359,LEC0404,68.86,3.88,9.76,111.87
360,LEC0404,54.71,3.76,11.02,101.3
361,LEC0303,55.8,3.82,6.45,100.19
362,LEC0101,47.73,3.89,14.81,101.38
363,LEC0101,76.27,3.8,14.12,120.62
364,LEC0404,54.22,3.9,10.77,99.64
365,LEC0303,55.89,3.86,9.47,97.48
366,LEC0303,46.64,3.94,11.45,95.06
367,LEC0101,59.8,3.93,15.29,112.86
368,LEC0404,63.8,3.87,12.25,110.93
369,LEC0101,58.29,3.84,14.84,111.82
370,LEC0404,65.36,3.91,16.19,113.77
371,LEC0404,55.74,3.87,13.33,109.45
372,LEC0303,52.65,3.89,9.75,95.47
373,LEC0202,75.57,3.88,11.15,108.17
374,LEC0404,58.92,3.86,12.04,109.86
375,LEC0202,54.67,3.8,9.87,101.66
376,LEC0404,44.15,3.9,14.77,111.87
377,LEC0404,63.62,3.82,13.11,112.3
378,LEC0404,62.3,3.92,11.98,105.84
379,LEC0202,68.12,3.82,8.1,103.35
380,LEC0404,68.76,3.86,12.9,110.67
381,LEC0202,50.12,3.93,10.5,96.3
382,LEC0404,52.69,3.87,9.47,94.37
383,LEC0404,54.16,3.81,9.98,99.67
384,LEC0202,51.45,3.9,9.09,92.86
385,LEC0404,73.99,3.85,9.89,114.01
386,LEC0404,62.48,3.89,14.48,104.99
387,LEC0404,69.19,3.83,11.55,107.34
388,LEC0101,54.12,3.86,13.0,109.0
389,LEC0202,62.38,3.93,10.11,105.81
390,LEC0202,59.22,3.85,8.98,99.5
391,LEC0101,45.73,3.96,14.9,100.47
392,LEC0101,65.78,3.92,13.69,114.8
393,LEC0101,65.83,3.88,16.5,115.25
394,LEC0303,57.75,3.86,9.55,99.6
395,LEC0101,57.37,3.82,15.97,111.68
396,LEC0101,55.53,3.88,11.09,107.68
397,LEC0101,78.65,3.85,13.19,116.38
398,LEC0303,68.83,3.87,10.52,108.1
399,LEC0202,61.69,3.91,10.63,100.89
400,LEC0202,80.89,3.83,9.08,107.74
401,LEC0404,68.83,3.88,11.15,107.37
402,LEC0202,72.69,3.75,9.04,110.85
403,LEC0101,67.27,3.91,12.63,113.3
404,LEC0101,60.54,3.79,14.41,112.48
405,LEC0202,39.18,3.85,10.03,93.82
406,LEC0404,64.54,3.87,10.87,110.54
407,LEC0202,61.89,3.87,11.13,103.95
408,LEC0202,74.59,3.87,14.02,107.66
409,LEC0202,44.64,3.88,9.47,91.22
410,LEC0101,79.55,3.95,14.72,121.01
411,LEC0101,46.94,3.92,15.13,108.14
412,LEC0101,70.9,3.88,12.45,115.23
413,LEC0202,75.89,3.76,12.98,115.35
414,LEC0404,69.88,3.82,9.68,104.17
415,LEC0404,56.89,3.93,9.99,95.47
416,LEC0404,57.31,3.74,13.98,108.04
417,LEC0404,59.04,3.82,13.52,106.85
418,LEC0202,49.6,3.82,10.92,96.91
419,LEC0202,62.16,3.95,9.83,97.81
420,LEC0101,69.42,3.82,12.58,115.73
421,LEC0202,58.54,3.85,8.89,99.18
422,LEC0303,59.1,3.82,8.23,95.99
423,LEC0202,63.81,3.77,7.85,92.35
424,LEC0303,50.24,3.85,9.46,97.85
425,LEC0202,64.57,3.81,11.37,108.67
426,LEC0202,43.8,3.8,7.03,87.08
427,LEC0303,63.99,3.84,7.3,99.87
428,LEC0303,48.72,3.81,9.0,93.35
429,LEC0303,64.76,3.83,8.84,102.56
430,LEC0303,63.26,3.8,5.37,98.67
431,LEC0202,75.89,3.83,7.29,104.13
432,LEC0101,79.1,3.86,13.75,121.23
433,LEC0101,58.81,3.83,15.14,111.85
434,LEC0202,42.47,3.89,8.25,91.73
435,LEC0303,44.47,3.84,8.56,85.31
436,LEC0404,64.91,3.91,12.46,107.3
437,LEC0202,61.24,3.86,16.19,106.93
438,LEC0101,52.61,3.81,11.25,103.41
439,LEC0404,78.84,3.91,10.17,112.71
440,LEC0404,70.3,3.86,12.08,107.92
441,LEC0202,48.2,3.92,9.19,92.33
442,LEC0303,43.79,3.93,8.29,90.04
443,LEC0101,69.4,3.82,18.78,119.26
444,LEC0202,71.71,3.88,13.13,111.56
445,LEC0303,45.86,3.82,7.07,88.46
446,LEC0303,76.65,3.82,9.82,108.27
447,LEC0404,54.04,3.81,11.22,107.52
448,LEC0303,53.89,3.94,10.16,93.52
449,LEC0202,69.09,3.93,11.63,106.39
450,LEC0303,44.76,3.92,9.16,90.51
451,LEC0404,50.41,3.79,11.75,108.06
452,LEC0101,63.19,3.88,12.91,114.08
453,LEC0101,48.83,3.83,15.89,110.05
454,LEC0404,61.77,3.82,12.13,103.95
455,LEC0101,39.05,3.84,16.96,102.99
456,LEC0303,63.56,3.86,10.67,103.64
457,LEC0202,60.61,3.86,7.47,97.76
458,LEC0404,55.94,3.8,11.2,111.11
459,LEC0202,44.42,3.84,12.09,95.05
460,LEC0101,53.63,3.89,14.21,104.8
461,LEC0404,57.69,3.93,7.72,96.39
462,LEC0101,66.94,3.88,12.33,110.58
463,LEC0404,68.91,3.83,13.89,112.16
464,LEC0101,61.56,3.94,12.51,110.29
465,LEC0303,70.92,3.9,9.18,104.19
466,LEC0404,41.34,3.84,10.83,93.9
467,LEC0303,60.39,3.78,8.1,98.51
468,LEC0101,54.51,3.75,17.29,110.0
469,LEC0303,47.89,3.93,10.31,94.53
470,LEC0101,66.4,3.9,17.31,119.51
471,LEC0404,44.16,3.84,13.14,92.4
472,LEC0101,74.19,3.87,15.53,123.65
473,LEC0101,67.98,3.8,15.03,120.58
474,LEC0303,45.59,3.91,7.08,88.21
475,LEC0303,62.71,3.81,13.27,99.75
476,LEC0303,66.85,3.8,7.73,101.57
477,LEC0404,53.49,3.91,10.59,98.41
478,LEC0101,66.24,3.81,16.08,114.59
479,LEC0404,50.86,3.85,9.82,92.48
480,LEC0202,54.3,3.91,10.34,100.33
481,LEC0404,60.44,3.86,13.64,108.34
482,LEC0101,76.29,3.91,20.75,126.69
483,LEC0404,89.64,3.8,9.4,120.86
484,LEC0202,48.74,3.85,11.64,91.75
485,LEC0101,54.47,3.89,13.2,105.58
486,LEC0303,49.99,3.87,7.86,99.27
487,LEC0101,49.87,3.86,13.24,106.63
488,LEC0303,73.01,3.83,7.41,102.23
489,LEC0101,55.05,3.84,11.7,112.75
490,LEC0101,66.5,3.83,14.19,113.28
491,LEC0303,57.44,3.88,11.54,98.66
492,LEC0303,73.88,3.79,6.98,105.66
493,LEC0202,43.49,3.85,5.38,89.36
494,LEC0202,52.58,3.87,7.03,93.02
495,LEC0101,54.04,3.84,16.28,111.48
496,LEC0202,49.91,3.89,9.93,97.14
497,LEC0202,67.06,3.82,8.31,101.3
498,LEC0404,58.32,3.9,11.11,105.25
499,LEC0202,60.78,3.92,13.34,101.49
500,LEC0303,45.43,3.82,8.99,87.93
501,LEC0303,69.22,3.82,6.05,100.98
502,LEC0404,45.48,3.77,12.45,91.45
503,LEC0404,79.76,3.86,12.74,117.11
504,LEC0303,74.47,3.96,6.19,99.02
505,LEC0202,74.35,3.83,13.76,109.73
506,LEC0404,46.51,3.85,13.94,103.95
507,LEC0404,43.46,3.76,13.41,98.0
508,LEC0303,47.45,3.81,10.6,95.26
509,LEC0303,59.59,3.9,8.12,96.42
510,LEC0101,57.99,3.91,18.6,116.68
511,LEC0202,67.44,3.9,11.44,108.26
512,LEC0303,56.21,3.91,6.42,90.09
513,LEC0404,45.46,3.84,15.32,101.25
514,LEC0303,55.48,3.83,7.56,95.26
515,LEC0101,56.54,3.95,13.21,105.4
516,LEC0101,65.23,3.81,17.95,120.3
517,LEC0404,53.23,3.85,11.54,102.98
518,LEC0202,73.26,3.85,11.88,107.25
519,LEC0303,66.59,3.83,9.73,107.55
520,LEC0101,69.0,3.84,14.79,116.26
521,LEC0404,68.41,3.84,12.01,112.63
522,LEC0202,63.19,3.86,7.25,92.15
523,LEC0101,60.63,3.84,17.7,113.19
524,LEC0202,65.59,3.9,9.07,99.8
525,LEC0101,70.86,3.84,20.26,122.98
526,LEC0101,59.1,3.84,16.09,112.12
527,LEC0202,59.68,3.86,10.59,96.98
528,LEC0303,45.92,3.77,10.65,93.41
529,LEC0101,70.46,3.82,14.41,110.64
530,LEC0202,79.26,3.89,10.68,112.33
531,LEC0101,66.73,3.87,13.58,114.54
532,LEC0303,43.4,3.85,9.42,93.12
533,LEC0202,42.28,3.87,10.54,94.48
534,LEC0303,59.62,3.79,8.61,97.2
535,LEC0404,62.35,3.86,7.79,103.42
536,LEC0101,65.77,3.82,17.68,123.37
537,LEC0404,49.3,3.87,11.73,102.9
538,LEC0404,54.15,3.93,12.4,104.28
539,LEC0101,67.79,3.79,12.44,112.09
540,LEC0202,56.44,3.93,12.72,105.25
541,LEC0404,51.7,3.82,13.92,102.19
542,LEC0404,54.34,3.88,12.18,109.57
543,LEC0101,58.01,3.8,15.46,114.88
544,LEC0404,63.93,3.83,8.76,100.69
545,LEC0101,62.15,3.79,12.07,109.67
546,LEC0202,61.52,3.91,8.37,97.77
547,LEC0303,60.39,3.95,9.7,105.29
548,LEC0404,63.59,3.82,14.42,112.06
549,LEC0101,52.59,3.83,11.08,103.5
550,LEC0404,66.62,3.91,11.02,112.93
551,LEC0404,74.06,3.81,11.41,116.21
552,LEC0202,65.85,3.79,10.55,105.66
553,LEC0202,71.42,3.89,12.71,112.0
554,LEC0101,65.69,3.85,15.51,118.4
555,LEC0101,68.25,3.92,15.85,114.28
556,LEC0101,47.78,3.85,16.13,107.67
557,LEC0404,70.27,3.76,11.55,112.08
558,LEC0202,68.18,3.95,10.84,109.42
559,LEC0202,51.62,3.83,8.65,91.13
560,LEC0202,65.8,3.88,12.85,111.95
561,LEC0404,70.41,3.85,10.11,96.93
562,LEC0303,40.7,3.79,10.15,88.06
563,LEC0202,71.43,3.76,10.59,113.46
564,LEC0202,57.83,3.91,8.31,101.25
565,LEC0101,77.05,3.88,15.42,123.36
566,LEC0101,59.43,3.94,19.76,117.76
567,LEC0101,56.35,3.86,13.5,114.01
568,LEC0202,80.92,3.86,10.64,113.03
569,LEC0101,56.31,3.83,17.07,116.57
570,LEC0404,87.3,3.77,10.49,114.46
571,LEC0101,78.77,3.89,16.53,126.77
572,LEC0303,55.91,3.84,4.55,95.34
573,LEC0202,58.69,3.85,8.2,97.38
574,LEC0101,63.53,3.86,17.88,118.63
575,LEC0101,58.89,3.91,17.88,110.57
576,LEC0202,40.16,3.84,11.99,95.86
577,LEC0404,56.87,3.82,12.88,106.07
578,LEC0303,43.21,3.85,7.12,92.68
579,LEC0303,56.79,3.94,8.34,95.97
580,LEC0303,81.01,3.87,8.39,104.24
581,LEC0202,70.8,3.86,10.12,112.02
582,LEC0303,72.76,3.83,9.67,104.16
583,LEC0404,71.11,3.84,10.01,108.93
584,LEC0303,58.16,3.8,8.4,98.95
585,LEC0303,69.59,3.82,4.72,96.51
586,LEC0101,77.02,3.86,16.16,116.74
587,LEC0303,53.69,3.79,11.07,100.79
588,LEC0101,85.67,3.84,14.57,119.76
589,LEC0303,68.64,3.79,10.07,107.39
590,LEC0404,52.29,3.81,9.67,103.76
591,LEC0202,57.08,3.83,6.27,100.23
592,LEC0303,55.59,3.85,9.99,96.58
593,LEC0202,48.08,3.84,8.51,94.66
594,LEC0404,72.43,3.92,10.78,105.99
595,LEC0404,61.35,3.91,9.76,106.57
596,LEC0101,58.12,3.84,15.96,108.54
597,LEC0202,52.36,3.84,13.1,103.85
598,LEC0202,64.14,3.81,12.18,105.04
599,LEC0202,70.35,3.93,5.2,98.61
600,LEC0101,88.92,3.91,18.28,129.75
601,LEC0202,53.84,3.8,12.69,100.02
602,LEC0202,55.84,3.85,11.67,101.29
603,LEC0303,69.24,3.92,8.43,98.92
604,LEC0404,53.45,3.83,5.09,86.72
605,LEC0303,56.87,3.83,8.11,96.33
606,LEC0101,85.83,3.9,12.64,121.28
607,LEC0202,69.5,3.82,13.72,113.01
608,LEC0202,52.12,3.96,8.98,92.9
609,LEC0202,35.53,3.87,8.95,88.77
610,LEC0202,45.98,3.83,9.57,97.87
611,LEC0303,69.33,3.71,9.26,104.09
612,LEC0202,61.52,3.89,10.5,97.24
613,LEC0202,65.42,3.78,8.02,104.76
614,LEC0404,76.22,3.87,11.53,116.46
615,LEC0404,57.02,3.87,12.15,105.66
616,LEC0101,45.14,3.88,15.71,108.28
617,LEC0101,64.54,3.77,15.55,114.48
618,LEC0202,56.26,3.82,9.77,98.61
619,LEC0303,61.9,3.88,12.48,107.89
620,LEC0101,56.53,3.88,15.44,108.86
621,LEC0101,49.11,3.93,16.05,116.42
622,LEC0404,60.09,3.81,13.6,112.39
623,LEC0404,69.77,3.78,14.7,115.42
624,LEC0303,58.95,3.77,6.06,90.91
625,LEC0202,78.36,3.86,10.5,110.16
626,LEC0303,72.68,3.9,11.38,109.04
627,LEC0202,64.58,3.83,7.01,96.72
628,LEC0101,53.0,3.82,14.76,109.38
629,LEC0404,73.54,3.89,10.13,114.94
630,LEC0404,59.28,3.85,10.19,100.4
631,LEC0101,70.08,3.84,13.55,116.81
632,LEC0303,52.09,3.83,8.7,93.01
633,LEC0404,57.95,3.86,12.32,102.29
634,LEC0404,62.85,3.84,15.0,106.04
635,LEC0404,56.51,3.88,9.81,103.88
636,LEC0404,54.91,3.81,16.71,108.47
637,LEC0303,65.18,3.86,8.73,99.6
638,LEC0303,47.73,3.81,7.81,91.05
639,LEC0303,48.95,3.79,9.05,89.47
640,LEC0101,70.11,3.89,14.95,117.79
641,LEC0303,65.95,3.84,7.81,103.72
642,LEC0101,64.01,3.82,14.03,110.96
643,LEC0101,70.87,3.79,13.83,115.22
644,LEC0404,72.26,3.83,15.02,117.93
645,LEC0101,61.83,3.91,13.76,115.82
646,LEC0303,71.02,3.86,9.16,104.47
647,LEC0303,55.77,3.9,9.57,96.46
648,LEC0101,58.26,3.88,11.74,106.4
649,LEC0404,58.46,3.91,13.1,108.91
650,LEC0202,62.9,3.86,10.62,100.21
651,LEC0303,46.62,3.89,10.36,95.27
652,LEC0404,55.8,3.76,11.91,104.38
653,LEC0101,80.35,3.87,14.44,119.34
654,LEC0101,74.81,3.75,14.35,121.05
655,LEC0404,64.33,3.9,13.55,111.59
656,LEC0202,63.71,3.98,10.59,102.36
657,LEC0404,55.34,3.84,15.67,108.67
658,LEC0404,50.84,3.92,12.61,101.22
659,LEC0202,59.46,3.89,6.38,98.56
660,LEC0101,78.83,3.84,15.9,123.14
661,LEC0303,67.53,3.83,9.21,101.53
662,LEC0404,61.92,3.88,9.34,97.73
663,LEC0101,51.02,3.86,16.19,109.53
664,LEC0202,45.22,3.86,10.47,99.9
665,LEC0101,71.79,3.84,16.07,121.53
666,LEC0303,57.98,3.83,10.84,101.23
667,LEC0303,64.95,3.8,8.55,97.2
668,LEC0101,73.0,3.77,15.84,119.96
669,LEC0303,56.96,3.85,10.05,105.07
670,LEC0303,48.66,3.87,8.16,89.97
671,LEC0303,63.69,3.78,3.3,100.08
672,LEC0404,61.06,3.81,11.52,106.49
673,LEC0303,67.48,3.77,7.79,101.67
674,LEC0404,89.34,3.89,10.53,119.06
675,LEC0404,70.59,3.9,11.17,109.93
676,LEC0101,49.59,3.82,11.76,104.54
677,LEC0404,47.44,3.84,9.07,93.49
678,LEC0303,52.03,3.87,11.69,103.9
679,LEC0404,71.58,3.84,11.74,115.14
680,LEC0101,55.21,3.88,15.43,112.25
681,LEC0202,59.13,3.94,9.01,99.81
682,LEC0202,46.07,3.9,10.37,96.52
683,LEC0404,70.04,3.89,9.48,108.92
684,LEC0404,64.25,3.94,13.36,114.92
685,LEC0404,60.43,3.79,16.38,112.7
686,LEC0101,70.95,3.87,16.07,124.2
687,LEC0101,70.99,3.77,15.55,113.54
688,LEC0303,50.64,3.94,9.03,94.31
689,LEC0101,65.7,3.89,18.41,113.16
690,LEC0404,67.78,3.85,9.51,109.3
691,LEC0101,73.68,3.83,10.47,117.04
692,LEC0404,48.03,3.82,13.69,102.61
693,LEC0202,63.06,3.84,11.0,98.34
694,LEC0202,61.37,3.77,5.74,97.34
695,LEC0101,60.66,3.82,16.09,119.9
696,LEC0404,56.51,3.82,13.49,103.64
697,LEC0101,62.52,3.81,17.13,113.09
698,LEC0303,72.99,3.82,4.59,103.57
699,LEC0202,58.7,3.84,9.78,99.51
700,LEC0303,70.11,3.86,10.57,108.11
701,LEC0202,52.11,3.89,12.44,104.18
702,LEC0101,62.96,3.83,17.86,118.43
703,LEC0202,46.7,3.75,10.78,96.41
704,LEC0202,54.56,3.84,8.66,93.58
705,LEC0404,54.32,3.81,14.85,110.43
706,LEC0202,59.19,3.85,8.53,97.58
707,LEC0202,63.51,3.78,11.1,109.4
708,LEC0202,57.72,3.81,7.07,100.08
709,LEC0101,73.53,3.81,14.94,120.24
710,LEC0202,48.52,3.87,8.4,98.15
711,LEC0404,60.52,3.81,12.6,103.68
712,LEC0303,63.77,3.81,7.6,101.49
713,LEC0202,63.75,3.83,8.74,102.6
714,LEC0202,45.27,3.86,5.89,91.05
715,LEC0101,63.51,3.81,16.0,115.44
716,LEC0101,58.24,3.77,15.89,111.68
717,LEC0404,71.65,3.8,13.83,113.79
718,LEC0404,51.39,3.85,12.75,106.15
719,LEC0303,76.1,3.86,4.72,107.73
720,LEC0101,64.97,3.92,15.19,118.62
721,LEC0202,56.63,3.79,9.22,96.87
722,LEC0101,72.6,3.81,15.29,122.19
723,LEC0202,54.87,3.89,9.09,96.9
724,LEC0101,54.4,3.81,18.58,116.81
725,LEC0101,82.05,3.87,14.48,118.8
726,LEC0202,50.99,3.88,9.41,101.85
727,LEC0202,47.32,3.84,9.47,97.98
728,LEC0404,68.26,3.88,14.22,116.29
729,LEC0303,48.82,3.93,10.76,94.6
730,LEC0202,64.96,3.88,14.62,106.84
731,LEC0101,66.74,3.88,14.28,121.5
732,LEC0303,60.8,3.92,7.47,98.1
733,LEC0202,55.75,3.91,10.97,96.45
734,LEC0202,55.8,3.93,10.85,101.5
735,LEC0303,40.25,3.82,5.61,82.75
736,LEC0202,72.15,3.84,12.45,115.64
737,LEC0303,53.91,3.82,5.6,95.09
738,LEC0404,64.22,3.83,7.52,98.19
739,LEC0303,47.06,3.78,9.07,91.43
740,LEC0404,61.31,3.79,12.72,105.57
741,LEC0202,72.77,3.84,9.47,110.67
742,LEC0202,63.88,3.77,5.58,97.32
743,LEC0202,58.34,3.82,10.75,101.08
744,LEC0101,65.14,3.79,14.91,115.04
745,LEC0101,64.0,3.89,13.56,111.69
746,LEC0101,47.48,3.9,16.3,105.28
747,LEC0303,76.41,3.87,10.08,103.97
748,LEC0303,50.14,3.88,8.59,98.73
749,LEC0202,67.83,3.92,7.68,97.55
750,LEC0303,46.41,3.89,3.86,86.78
751,LEC0202,54.7,3.87,10.23,99.95
752,LEC0101,62.67,3.77,12.05,107.74
753,LEC0404,59.36,3.76,10.15,104.23
754,LEC0202,58.45,3.85,11.92,105.52
755,LEC0101,49.64,3.9,14.49,107.03
756,LEC0101,84.06,3.86,12.51,122.54
757,LEC0404,66.19,3.86,12.21,110.31
758,LEC0303,63.04,3.79,9.97,100.71
759,LEC0303,59.8,3.82,7.32,97.8
760,LEC0202,70.41,3.92,13.55,114.47
761,LEC0303,60.8,3.83,10.16,99.33
762,LEC0202,43.32,3.83,13.43,96.06
763,LEC0202,46.23,3.81,11.05,92.39
764,LEC0101,54.34,3.93,15.68,103.96
765,LEC0303,59.94,3.8,8.18,94.47
766,LEC0303,40.75,3.89,4.58,85.07
767,LEC0404,54.69,3.78,12.09,104.66
768,LEC0303,59.78,3.75,8.36,107.87
769,LEC0101,61.56,3.86,14.19,120.66
770,LEC0202,51.59,3.83,12.43,105.34
771,LEC0101,57.98,3.9,13.63,113.26
772,LEC0202,58.44,3.88,8.04,103.68
773,LEC0202,41.35,3.91,8.75,91.23
774,LEC0404,62.65,3.85,11.05,105.57
775,LEC0101,73.68,3.84,15.05,117.7
776,LEC0303,50.0,3.84,8.28,100.7
777,LEC0404,69.68,3.96,11.8,111.33
778,LEC0202,62.3,3.83,9.96,104.42
779,LEC0404,61.39,3.91,10.73,106.28
780,LEC0202,64.49,3.76,11.35,111.09
781,LEC0101,61.69,3.74,13.08,111.07
782,LEC0303,66.85,3.85,10.38,102.29
783,LEC0202,76.24,3.81,9.96,111.49
784,LEC0101,60.0,3.74,13.92,108.95
785,LEC0202,63.43,3.94,10.47,98.14
786,LEC0202,57.61,3.91,9.11,98.18
787,LEC0404,62.71,3.91,12.97,106.93
788,LEC0404,72.57,3.86,11.07,111.23
789,LEC0202,59.01,3.89,7.81,100.19
790,LEC0303,71.13,3.81,8.2,107.99
791,LEC0202,65.31,3.87,7.57,105.04
792,LEC0404,66.78,3.87,13.46,110.99
793,LEC0303,49.47,3.92,7.61,88.02
794,LEC0101,51.58,3.89,10.85,106.0
795,LEC0404,75.03,3.81,10.8,110.86
796,LEC0303,61.31,3.81,10.82,101.23
797,LEC0404,65.53,3.93,14.06,109.11
798,LEC0303,57.49,3.81,6.83,95.93
799,LEC0303,33.62,3.8,7.63,82.82
800,LEC0202,46.35,3.86,10.43,91.71
801,LEC0202,50.4,3.77,9.79,95.34
802,LEC0202,70.26,3.78,11.64,105.33
803,LEC0101,60.13,3.89,14.14,109.57
804,LEC0303,65.16,3.88,4.89,98.2
805,LEC0202,52.81,3.87,7.51,92.96
806,LEC0404,67.34,3.97,12.11,106.23
807,LEC0303,48.25,3.89,10.61,96.87
808,LEC0202,51.32,3.91,9.38,92.61
809,LEC0404,71.24,3.79,10.44,110.3
810,LEC0202,44.81,3.84,10.53,93.99
811,LEC0404,60.5,3.8,14.45,113.94
812,LEC0404,77.79,3.86,13.76,114.21
813,LEC0404,65.29,3.87,8.87,108.7
814,LEC0404,65.56,3.83,12.39,114.2
815,LEC0404,78.56,3.85,12.06,116.89
816,LEC0404,63.92,3.88,10.05,102.89
817,LEC0404,39.48,3.87,9.03,93.62
818,LEC0101,63.76,3.88,15.41,112.06
819,LEC0303,56.28,3.84,9.49,95.67
820,LEC0303,64.74,3.81,9.28,105.86
821,LEC0404,56.55,3.8,14.49,108.27
822,LEC0404,59.03,3.81,12.55,104.21
823,LEC0303,47.05,3.88,9.41,91.06
824,LEC0303,60.67,3.87,11.74,101.05
825,LEC0101,53.24,3.84,17.29,112.93
826,LEC0202,56.0,3.86,10.03,100.58
827,LEC0303,78.16,3.77,7.69,112.06
828,LEC0202,58.13,3.86,7.9,97.65
829,LEC0404,71.24,3.87,11.88,109.48
830,LEC0303,85.0,3.8,5.42,104.36
831,LEC0101,74.55,3.87,15.12,117.02
832,LEC0101,49.42,3.8,17.06,105.35
833,LEC0303,59.22,3.88,10.84,95.65
834,LEC0404,72.27,3.85,10.91,107.75
835,LEC0202,57.5,3.89,7.4,98.36
836,LEC0202,61.55,3.89,11.11,106.74
837,LEC0202,57.59,3.92,9.67,96.66
838,LEC0101,69.57,3.83,13.95,114.27
839,LEC0404,51.77,3.89,11.31,99.37
840,LEC0303,43.02,3.84,5.29,83.78
841,LEC0202,60.84,3.85,10.74,98.62
842,LEC0404,63.95,3.85,11.53,110.0
843,LEC0303,51.76,3.81,11.67,96.64
844,LEC0101,62.43,3.86,12.05,111.11
845,LEC0202,54.04,3.91,6.67,95.13
846,LEC0303,57.73,3.84,8.68,103.19
847,LEC0404,46.46,3.91,15.07,108.12
848,LEC0303,31.11,3.72,7.47,85.54
849,LEC0202,55.39,3.93,5.63,92.67
850,LEC0202,68.27,3.79,13.34,108.15
851,LEC0101,81.11,3.87,17.29,122.56
852,LEC0101,71.25,3.92,16.65,118.87
853,LEC0202,55.62,3.78,10.96,103.2
854,LEC0404,56.97,3.87,14.04,111.08
855,LEC0202,48.56,3.92,11.02,96.36
856,LEC0101,55.52,3.86,16.64,106.73
857,LEC0404,59.29,3.85,17.85,109.77
858,LEC0404,63.64,3.85,8.36,100.37
859,LEC0202,66.94,3.86,11.11,103.32
860,LEC0202,44.11,3.88,12.85,98.24
861,LEC0202,56.47,3.88,9.6,95.78
862,LEC0101,47.47,3.82,16.88,110.68
863,LEC0202,57.7,3.83,7.02,94.97
864,LEC0202,57.44,3.9,9.99,102.52
865,LEC0303,58.19,3.92,13.56,103.76
866,LEC0101,60.22,3.85,15.12,108.89
867,LEC0202,64.35,3.84,10.53,105.0
868,LEC0101,68.73,3.87,13.26,115.37
869,LEC0303,56.61,3.9,7.47,94.27
870,LEC0202,51.69,3.86,12.92,104.22
871,LEC0303,55.59,3.86,5.78,92.79
872,LEC0303,48.59,3.9,7.86,92.87
873,LEC0101,62.74,3.88,16.11,113.43
874,LEC0101,59.06,3.91,16.25,106.47
875,LEC0101,95.48,3.86,14.25,127.6
876,LEC0404,44.26,3.84,11.76,97.3
877,LEC0303,49.91,3.84,9.89,93.25
878,LEC0101,69.81,3.79,15.84,117.97
879,LEC0404,45.13,3.88,12.42,96.76
880,LEC0303,75.56,3.83,8.23,107.13
881,LEC0404,58.07,3.93,10.91,99.87
882,LEC0101,54.96,3.81,14.54,110.36
883,LEC0303,59.68,3.85,11.01,99.54
884,LEC0303,60.39,3.81,8.19,100.48
885,LEC0404,61.13,3.85,12.52,105.53
886,LEC0202,64.56,3.8,11.6,107.25
887,LEC0404,52.13,3.8,9.64,98.81
888,LEC0101,59.71,3.84,12.24,108.63
889,LEC0303,61.59,3.88,6.94,98.12
890,LEC0303,51.11,3.93,9.27,93.06
891,LEC0303,55.4,3.92,7.76,87.99
892,LEC0404,81.33,3.79,9.02,116.91
893,LEC0404,66.3,3.83,10.95,104.77
894,LEC0101,53.85,3.95,16.32,109.0
895,LEC0404,62.58,3.82,11.9,108.59
896,LEC0202,65.77,3.84,12.98,108.3
897,LEC0202,61.57,3.82,8.77,97.97
898,LEC0101,57.35,3.88,13.58,108.24
899,LEC0404,60.77,3.9,14.46,106.29
900,LEC0303,54.65,3.86,9.53,102.61
901,LEC0303,53.46,3.82,10.14,99.66
902,LEC0101,63.46,3.89,18.18,115.92
903,LEC0101,78.67,3.86,15.18,119.36
904,LEC0202,63.34,3.79,5.78,102.92
905,LEC0101,51.08,3.81,8.08,100.48
906,LEC0404,47.65,3.91,14.03,96.02
907,LEC0404,49.13,3.92,13.94,102.7
908,LEC0101,78.82,3.85,16.33,124.35
909,LEC0202,69.9,3.89,7.7,98.08
910,LEC0101,63.59,3.9,15.49,114.14
911,LEC0404,57.86,3.83,12.01,112.62
912,LEC0101,76.95,3.84,14.37,113.94
913,LEC0303,49.63,3.87,10.32,94.15
914,LEC0303,47.51,3.89,5.94,88.0
915,LEC0404,60.06,3.8,14.31,112.03
916,LEC0202,60.29,3.84,12.52,96.05
917,LEC0404,64.62,3.89,11.78,105.85
918,LEC0202,78.14,3.93,10.0,104.54
919,LEC0101,56.06,3.84,16.95,113.18
920,LEC0404,68.99,3.81,8.76,102.92
921,LEC0404,60.26,3.83,11.52,110.58
922,LEC0404,64.77,3.83,12.73,109.15
923,LEC0303,48.93,3.84,4.35,85.21
924,LEC0101,65.39,3.78,11.88,114.04
925,LEC0101,72.31,3.89,16.53,118.77
926,LEC0303,45.69,3.74,11.31,93.69
927,LEC0303,68.6,3.77,11.19,104.37
928,LEC0101,62.14,3.82,17.37,115.24
929,LEC0101,66.97,3.88,13.78,111.41
930,LEC0303,62.71,3.81,8.31,94.13
931,LEC0202,73.48,3.87,9.71,103.75
932,LEC0404,59.33,3.85,10.59,102.92
933,LEC0303,67.17,3.76,11.92,106.54
934,LEC0202,52.73,3.91,9.25,97.28
935,LEC0202,60.85,3.84,9.42,104.23
936,LEC0101,59.86,3.85,16.13,114.6
937,LEC0303,91.04,3.78,9.38,114.6
938,LEC0404,62.49,3.84,13.53,110.09
939,LEC0404,61.64,3.89,10.36,104.56
940,LEC0101,65.81,3.84,15.25,115.64
941,LEC0303,56.37,3.81,8.8,97.5
942,LEC0202,40.99,3.85,7.35,90.03
943,LEC0101,62.6,3.85,16.4,115.61
944,LEC0101,62.63,3.89,14.31,109.74
945,LEC0202,52.67,3.91,12.08,98.87
946,LEC0101,69.89,3.91,17.78,128.2
947,LEC0202,37.75,3.85,14.17,94.49
948,LEC0202,49.69,3.94,11.7,98.52
949,LEC0202,50.11,3.75,12.1,100.67
950,LEC0404,66.42,3.88,15.52,116.66
951,LEC0404,66.0,3.83,11.4,110.43
952,LEC0202,58.45,3.76,13.27,98.16
953,LEC0202,42.79,3.8,10.29,92.85
954,LEC0404,59.15,3.86,11.08,110.81
955,LEC0303,60.33,3.86,8.32,95.47
956,LEC0101,68.13,3.83,15.48,116.86
957,LEC0202,56.83,3.86,13.47,105.18
958,LEC0303,56.03,3.82,8.91,96.25
959,LEC0404,72.48,3.88,11.87,113.24
960,LEC0303,55.38,3.87,10.57,89.66
961,LEC0101,77.35,3.8,12.63,117.86
962,LEC0404,78.87,3.86,6.92,108.19
963,LEC0303,69.57,3.89,9.06,106.83
964,LEC0303,60.26,3.81,11.47,106.68
965,LEC0303,54.05,3.78,8.33,88.98
966,LEC0404,60.27,3.83,12.26,105.22
967,LEC0202,58.34,3.88,9.88,100.14
968,LEC0404,50.51,3.83,9.52,97.41
969,LEC0303,60.25,3.88,5.52,94.65
970,LEC0404,64.59,3.77,13.16,112.34
971,LEC0202,51.76,3.8,9.44,95.7
972,LEC0404,81.81,3.87,9.49,112.67
973,LEC0404,70.53,3.86,7.15,105.15
974,LEC0303,47.17,3.84,11.22,99.29
975,LEC0303,28.36,3.82,7.74,83.12
976,LEC0404,73.82,3.89,11.14,113.12
977,LEC0303,84.15,3.84,9.47,105.66
978,LEC0404,70.23,3.93,8.16,105.6
979,LEC0404,73.83,3.85,16.19,120.29
980,LEC0101,52.83,3.85,17.14,111.16
981,LEC0202,54.38,3.82,8.18,97.77
982,LEC0404,58.52,3.91,15.64,116.57
983,LEC0404,58.75,3.78,10.83,105.75
984,LEC0404,56.34,3.89,13.48,105.51
985,LEC0101,49.43,3.83,16.87,104.06
986,LEC0404,76.28,3.79,9.47,107.73
987,LEC0404,72.32,3.86,10.25,110.57
988,LEC0101,64.37,3.81,16.06,119.54
989,LEC0303,54.78,3.92,4.89,86.79
990,LEC0202,52.42,3.82,11.71,98.56
991,LEC0303,40.57,3.79,7.48,87.31
992,LEC0404,58.4,3.79,10.77,102.55
993,LEC0202,44.46,3.93,9.48,87.3
994,LEC0202,62.63,3.86,9.56,105.51
995,LEC0101,62.48,3.83,16.88,113.39
996,LEC0101,61.85,3.88,15.64,109.11
997,LEC0404,43.87,3.85,15.79,101.74
998,LEC0101,55.05,3.85,18.62,113.01
999,LEC0101,60.71,3.9,15.77,111.02
